date_of_race,horse_name,bookie_odds,venue,ew_stake,balance,rating,current_time,expected_value,expected_return,win_stake,place_stake,win_odds,place_odds,betfair_balance,max_profit,is_lay,win_matched,lay_matched,arbritrage_profit,place_payout,balance_in_betfair
2021-01-17 16:05:00,Kraka,21.0,Southwell,0.31,49.38,107.71,2021-01-17 16:02:04,19.22%,0.06,23.79,23.47,19.0,4.6,50.0,3.31,False,0.0,0.0,0.0,,0.0
2021-01-18 13:15:00,Fricka,17.0,Lingfield,0.11,49.16,98.17,2021-01-18 08:10:26,4.55%,0.01,5.81,9.69,22.0,3.3,50.0,0.27,False,0.0,0.0,0.0,,0.0
2021-01-18 15:55:00,Isayalittleprayer,8.0,Lingfield,0.57,48.02,104.04,2021-01-18 08:39:59,10.91%,0.06,74.72,99.39,8.8,2.0,50.0,6.63,False,0.0,0.0,0.0,,0.0
2021-01-18 14:10:00,Humble Glory,4.0,Punchestown,1.23,46.79,103.17,2021-01-18 10:37:47,8.07%,0.1,12.74,22.0,5.2,1.22,50.0,1.05,False,0.0,0.0,0.0,,0.0
2021-01-18 13:15:00,Fanzio,4.0,Lingfield,0.46,45.87,99.38,2021-01-18 10:56:38,4.13%,0.02,19.29,23.6,4.3,1.44,50.0,0.25,False,0.0,0.0,0.0,,0.0
2021-01-18 14:10:00,Jasper Bear,101.0,Punchestown,0.1,45.25,100.25,2021-01-18 11:17:46,10.1%,0.01,0.81,16.08,1000.0,10.5,50.0,0.04,False,0.0,0.0,0.0,,0.0
2021-01-18 13:15:00,Whatthebutlersaw,67.0,Lingfield,0.1,45.05,105.59,2021-01-18 11:25:35,18.99%,0.02,8.8,14.27,80.0,10.5,50.0,1.17,False,0.0,0.0,0.0,,0.0
2021-01-18 14:10:00,Stockdale,81.0,Punchestown,0.3,44.45,109.56,2021-01-18 11:33:50,23.29%,0.07,0.41,10.79,1000.0,7.9,50.0,0.96,False,0.0,0.0,0.0,,0.0
2021-01-18 14:10:00,Psychee Du Brizais,41.0,Punchestown,1.29,43.45,117.49,2021-01-18 12:57:44,44.1%,0.57,0.16,9.73,1000.0,3.75,50.0,1.4,False,0.0,0.0,0.0,,0.0
2021-01-18 14:10:00,Carrigeen Lactuca,67.0,Punchestown,0.24,42.97,103.11,2021-01-18 13:06:40,15.52%,0.04,0.6,18.93,1000.0,6.8,50.0,0.56,False,0.0,0.0,0.0,,0.0
2021-01-18 14:10:00,Davitt Road Glory,51.0,Punchestown,0.27,42.43,104.51,2021-01-18 13:11:25,12.65%,0.03,0.26,10.42,1000.0,5.3,50.0,0.45,False,0.0,0.0,0.0,,0.0
2021-01-18 14:10:00,Red Sole Diva,51.0,Punchestown,0.1,42.23,98.29,2021-01-18 13:28:45,5.1%,0.01,0.43,17.16,1000.0,5.5,50.0,0.29,False,0.0,0.0,0.0,,0.0
2021-01-18 14:20:00,Sunny Express,21.0,Lingfield,0.15,41.93,101.55,2021-01-18 13:37:30,9.45%,0.01,11.38,16.05,24.0,4.1,50.0,0.4,False,0.0,0.0,0.0,,0.0
2021-01-19 17:10:00,Lunar Bounty,17.0,Southwell,0.36,47.68,104.06,2021-01-19 10:06:03,14.29%,0.05,6.48,10.84,21.0,3.15,50.0,0.65,False,0.0,0.0,0.0,,0.0
2021-01-19 13:35:00,Dunboyne,3.75,Clonmel,0.24,47.2,99.46,2021-01-19 13:19:34,2.13%,0.01,19.09,21.14,3.85,1.48,50.0,0.21,False,0.0,0.0,0.0,,0.0
2021-01-19 19:40:00,Misscarlett,21.0,Southwell,0.14,47.29,101.11,2021-01-19 15:46:58,8.7%,0.01,16.04,17.47,21.0,4.6,50.0,0.35,False,0.0,0.0,0.0,,0.0
2021-01-20 13:50:00,Artistic Streak,8.5,Newcastle,0.22,47.55,100.11,2021-01-20 08:18:16,5.06%,0.01,14.67,17.53,9.0,2.26,50.0,0.04,False,0.0,0.0,0.0,,0.0
2021-01-20 13:05:00,Grumpy Charley,3.75,Chepstow,0.26,47.03,99.52,2021-01-20 08:27:32,2.14%,0.01,12.72,15.16,4.0,1.43,50.0,0.13,False,0.0,0.0,0.0,,0.0
2021-01-20 12:55:00,Il Re Di Nessuno,34.0,Newbury,0.15,46.73,103.1,2021-01-20 11:13:17,12.09%,0.02,5.55,10.4,46.0,5.5,50.0,0.47,False,0.0,0.0,0.0,3.0,0.0
2021-01-20 12:45:00,Enlighten,21.0,Newcastle,0.28,46.17,103.86,2021-01-20 12:42:19,13.26%,0.04,14.51,28.33,29.0,3.55,50.0,1.54,False,0.0,0.0,0.0,3.0,0.0
2021-01-20 14:10:00,Firak,4.0,Chepstow,0.53,45.11,101.51,2021-01-20 12:42:57,5.26%,0.03,16.58,17.6,4.0,1.52,50.0,0.5,False,0.0,0.0,0.0,3.0,0.0
2021-01-20 13:50:00,Tabou Beach Boy,23.0,Newcastle,0.34,46.91,107.44,2021-01-20 13:48:44,21.41%,0.07,11.52,15.14,24.0,4.3,50.0,1.79,False,0.0,0.0,0.0,5.0,0.0
2021-01-20 14:10:00,Barricane,11.0,Chepstow,0.35,46.76,101.94,2021-01-20 14:08:57,9.14%,0.03,15.54,24.46,13.5,2.35,50.0,0.74,False,0.0,0.0,0.0,5.0,0.0
2021-01-20 17:45:00,Go Large,67.0,Dundalk,0.11,46.54,111.21,2021-01-20 14:13:54,26.78%,0.03,14.18,10.79,52.0,14.5,50.0,2.47,False,0.0,0.0,0.0,5.0,0.0
2021-01-20 17:45:00,Oh Say,4.5,Dundalk,0.27,48.46,99.14,2021-01-20 16:35:07,3.03%,0.01,12.64,13.04,4.5,1.65,50.0,0.22,False,0.0,0.0,0.0,5.0,0.0
2021-01-21 15:30:00,Youkan,21.0,Lingfield,0.14,48.18,101.11,2021-01-21 08:18:50,8.7%,0.01,19.55,21.29,21.0,4.6,50.0,0.43,False,0.0,0.0,0.0,5.0,0.0
2021-01-21 17:30:00,Abrag,5.5,Newcastle,0.65,46.88,101.03,2021-01-21 08:19:26,8.23%,0.05,11.09,14.43,6.0,1.63,50.0,0.25,False,0.0,0.0,0.0,5.0,0.0
2021-01-21 13:10:00,The Grey Falco,9.0,Ludlow,0.13,46.62,98.84,2021-01-21 09:58:20,3.04%,0.0,8.14,10.26,10.0,2.3,50.0,0.21,False,0.0,0.0,0.0,5.0,0.0
2021-01-21 17:30:00,Royal Heart,12.0,Newcastle,0.52,45.58,103.36,2021-01-21 10:08:34,14.45%,0.07,14.45,24.72,15.0,2.38,50.0,1.21,False,0.0,0.0,0.0,5.0,0.0
2021-01-21 17:30:00,Captain Cooper,5.0,Newcastle,0.73,44.12,101.99,2021-01-21 12:42:22,8.56%,0.06,8.72,11.32,5.5,1.53,50.0,0.38,False,0.0,0.0,0.0,5.0,0.0
2021-01-21 15:10:00,Midnight Mustang,21.0,Ludlow,0.84,42.67,122.92,2021-01-21 15:09:58,50.0%,0.42,13.51,20.35,21.0,4.0,50.0,6.19,False,0.0,0.0,0.0,4.0,0.0
2021-01-21 17:30:00,Chillsea,21.0,Newcastle,0.1,42.47,100.16,2021-01-21 17:07:35,5.98%,0.01,10.13,16.75,27.0,3.9,50.0,0.04,False,0.0,0.0,0.0,5.0,0.0
2021-01-22 12:50:00,Lady Villanelle,5.0,Musselburgh,0.11,48.45,98.31,2021-01-22 08:41:06,1.42%,0.0,11.65,12.78,5.2,1.71,50.0,0.41,False,0.0,0.0,0.0,5.0,0.0
2021-01-22 12:50:00,Bravantina,51.0,Musselburgh,0.12,48.21,102.05,2021-01-22 08:54:50,13.88%,0.02,7.29,14.19,70.0,7.8,50.0,0.41,False,0.0,0.0,0.0,5.0,0.0
2021-01-22 12:50:00,Tara Kay,21.0,Musselburgh,0.11,47.99,100.13,2021-01-22 10:52:18,6.57%,0.01,11.0,12.83,22.0,4.5,50.0,0.03,False,0.0,0.0,0.0,5.0,0.0
2021-01-22 12:25:00,Danilo,4.0,Fairview,0.16,47.67,99.02,2021-01-22 12:19:32,1.74%,0.0,28.64,29.87,4.0,1.72,50.0,0.56,False,0.0,0.0,0.0,4.0,0.0
2021-01-22 12:50:00,Kitty Hall,5.0,Musselburgh,0.23,47.44,99.51,2021-01-22 12:37:04,2.77%,0.01,12.78,15.09,5.3,1.66,50.0,0.13,False,0.0,0.0,0.0,5.0,0.0
2021-01-22 16:30:00,Herculaneum,34.0,Dundalk,0.46,46.68,120.71,2021-01-22 13:48:15,49.38%,0.23,8.8,9.98,29.0,7.0,50.0,3.11,False,0.0,0.0,0.0,4.0,0.0
2021-01-22 16:30:00,Herculaneum,34.0,Dundalk,0.84,45.0,144.17,2021-01-22 13:50:55,102.14%,0.86,9.37,7.32,20.0,7.0,50.0,4.86,False,0.0,0.0,0.0,4.0,0.0
2021-01-22 16:30:00,Herculaneum,34.0,Dundalk,0.94,45.0,146.34,2021-01-22 13:56:06,101.99%,0.96,8.88,9.33,23.0,6.0,40.4,5.56,False,0.0,0.0,0.0,4.0,0.0
2021-01-22 16:30:00,Herculaneum,34.0,Dundalk,0.19,44.62,108.61,2021-01-22 14:08:40,24.8%,0.05,12.33,11.32,29.0,8.6,40.4,1.81,False,0.0,0.0,0.0,4.0,0.0
2021-01-22 16:30:00,Herculaneum,34.0,Dundalk,0.19,44.62,108.61,2021-01-22 14:11:34,24.8%,0.05,12.33,11.32,29.0,8.6,40.4,1.81,False,0.0,0.0,0.0,4.0,0.0
2021-01-22 16:10:00,Act Naturally,13.0,Lingfield,0.15,44.32,100.07,2021-01-22 14:15:31,6.25%,0.01,10.04,10.69,13.0,3.2,40.4,0.01,False,0.0,0.0,0.0,5.0,0.0
2021-01-23 15:35:00,Duc Des Genievres,23.0,Ascot,0.12,44.08,102.1,2021-01-23 08:01:02,7.72%,0.01,14.39,22.08,28.0,4.3,52.43,0.74,False,0.0,0.0,0.0,5.0,0.0
2021-01-23 15:35:00,Duc Des Genievres,23.0,Ascot,0.16,43.76,103.59,2021-01-23 08:03:45,10.77%,0.02,11.08,16.4,27.0,4.3,52.43,0.93,False,0.0,0.0,0.0,5.0,0.0
2021-01-23 15:35:00,Duc Des Genievres,23.0,Ascot,0.16,43.44,103.59,2021-01-23 08:06:34,10.77%,0.02,16.62,24.6,27.0,4.3,52.43,1.4,False,0.0,0.0,0.0,5.0,0.0
2021-01-23 15:35:00,Duc Des Genievres,23.0,Ascot,0.16,43.12,103.59,2021-01-23 08:10:51,10.77%,0.02,16.62,24.6,27.0,4.3,52.43,1.4,False,0.0,0.0,0.0,5.0,0.0
2021-01-23 15:35:00,Duc Des Genievres,23.0,Ascot,0.16,42.8,102.51,2021-01-23 08:13:41,11.19%,0.02,12.41,17.26,26.0,4.4,52.43,0.7,False,0.0,0.0,0.0,5.0,0.0
2021-01-23 15:35:00,Duc Des Genievres,23.0,Ascot,0.12,42.56,102.18,2021-01-23 08:16:33,7.91%,0.01,12.36,17.88,27.0,4.4,52.43,0.63,False,0.0,0.0,0.0,5.0,0.0
2021-01-23 15:35:00,Duc Des Genievres,23.0,Ascot,0.16,42.24,103.59,2021-01-23 08:19:14,10.77%,0.02,6.82,10.09,27.0,4.3,52.43,0.58,False,0.0,0.0,0.0,5.0,0.0
2021-01-23 15:35:00,Duc Des Genievres,23.0,Ascot,0.21,41.82,104.2,2021-01-23 08:21:54,14.73%,0.03,11.52,15.41,25.0,4.4,52.43,1.05,False,0.0,0.0,0.0,5.0,0.0
2021-01-23 15:35:00,Duc Des Genievres,23.0,Ascot,0.2,41.42,102.45,2021-01-23 08:24:36,14.04%,0.03,10.19,14.61,26.0,4.3,52.43,0.56,False,0.0,0.0,0.0,5.0,0.0
2021-01-23 15:35:00,Duc Des Genievres,23.0,Ascot,0.2,41.02,103.73,2021-01-23 08:27:25,14.04%,0.03,10.18,14.61,26.0,4.3,52.43,0.86,False,0.0,0.0,0.0,5.0,0.0
2021-01-23 15:35:00,Duc Des Genievres,23.0,Ascot,0.25,40.52,105.47,2021-01-23 08:30:12,17.58%,0.04,10.59,14.61,25.0,4.3,52.43,1.26,False,0.0,0.0,0.0,5.0,0.0
2021-01-23 15:35:00,Duc Des Genievres,23.0,Ascot,0.24,40.04,106.94,2021-01-23 08:32:59,17.58%,0.04,14.73,20.19,25.0,4.3,52.43,2.22,False,0.0,0.0,0.0,5.0,0.0
2021-01-23 15:35:00,Duc Des Genievres,23.0,Ascot,0.24,39.56,106.94,2021-01-23 08:35:49,17.58%,0.04,17.49,23.97,25.0,4.3,52.43,2.64,False,0.0,0.0,0.0,5.0,0.0
2021-01-23 15:35:00,Duc Des Genievres,23.0,Ascot,0.24,39.08,106.94,2021-01-23 08:38:35,17.58%,0.04,13.35,18.29,25.0,4.3,52.43,2.01,False,0.0,0.0,0.0,5.0,0.0
2021-01-23 15:35:00,Duc Des Genievres,23.0,Ascot,0.23,38.62,106.94,2021-01-23 08:41:12,17.58%,0.04,13.81,18.93,25.0,4.3,52.43,2.08,False,0.0,0.0,0.0,5.0,0.0
2021-01-23 15:35:00,First Flow,17.0,Ascot,0.23,38.16,103.85,2021-01-23 08:43:52,13.81%,0.03,7.78,9.46,17.5,3.6,52.43,0.62,False,0.0,0.0,0.0,5.0,0.0
2021-01-23 15:35:00,First Flow,17.0,Ascot,0.23,37.7,103.85,2021-01-23 08:46:36,13.81%,0.03,7.78,9.46,17.5,3.6,52.43,0.62,False,0.0,0.0,0.0,5.0,0.0
2021-01-23 15:35:00,First Flow,17.0,Ascot,0.23,37.24,103.85,2021-01-23 08:49:30,13.81%,0.03,7.78,9.46,17.5,3.6,52.43,0.62,False,0.0,0.0,0.0,5.0,0.0
2021-01-23 15:35:00,First Flow,17.0,Ascot,0.23,36.78,103.85,2021-01-23 08:52:13,13.81%,0.03,7.78,9.46,17.5,3.6,52.43,0.62,False,0.0,0.0,0.0,5.0,0.0
2021-01-23 15:35:00,First Flow,17.0,Ascot,0.22,36.34,105.14,2021-01-23 08:54:56,13.81%,0.03,11.67,14.08,17.5,3.6,52.43,1.23,False,0.0,0.0,0.0,5.0,0.0
2021-01-23 15:35:00,First Flow,17.0,Ascot,0.22,35.9,105.14,2021-01-23 08:57:38,13.81%,0.03,15.56,18.77,17.5,3.6,52.43,1.64,False,0.0,0.0,0.0,5.0,0.0
2021-01-23 15:35:00,First Flow,17.0,Ascot,0.19,35.52,104.35,2021-01-23 09:00:22,12.21%,0.02,16.05,19.09,17.5,3.65,52.43,1.44,False,0.0,0.0,0.0,5.0,0.0
2021-01-23 15:35:00,First Flow,17.0,Ascot,0.21,35.1,105.14,2021-01-23 09:03:18,13.81%,0.03,17.51,21.12,17.5,3.6,52.43,1.85,False,0.0,0.0,0.0,5.0,0.0
2021-01-23 15:35:00,First Flow,17.0,Ascot,0.23,34.64,105.75,2021-01-23 09:06:12,15.07%,0.03,15.52,17.93,17.0,3.65,52.43,1.78,False,0.0,0.0,0.0,5.0,0.0
2021-01-23 15:35:00,First Flow,17.0,Ascot,0.16,34.32,103.58,2021-01-23 09:26:35,10.66%,0.02,9.73,11.41,17.5,3.7,52.43,0.72,False,0.0,0.0,0.0,5.0,0.0
2021-01-23 16:05:00,King Of The South,3.25,Newcastle,0.11,34.1,98.14,2021-01-23 09:39:33,1.07%,0.0,27.79,33.16,3.5,1.34,52.43,1.1,False,0.0,0.0,0.0,5.0,0.0
2021-01-23 16:05:00,King Of The South,3.25,Newcastle,0.15,33.8,99.35,2021-01-23 09:44:20,1.4%,0.0,19.79,24.55,3.55,1.32,52.43,0.28,False,0.0,0.0,0.0,5.0,0.0
2021-01-23 16:05:00,King Of The South,3.25,Newcastle,0.43,32.94,100.66,2021-01-23 09:47:13,4.05%,0.02,29.37,35.39,3.45,1.32,52.43,0.41,False,0.0,0.0,0.0,5.0,0.0
2021-01-23 16:05:00,King Of The South,3.25,Newcastle,0.42,32.1,100.66,2021-01-23 09:50:00,4.05%,0.02,29.37,35.39,3.45,1.32,52.43,0.41,False,0.0,0.0,0.0,5.0,0.0
2021-01-23 16:05:00,King Of The South,3.25,Newcastle,0.32,31.46,100.67,2021-01-23 09:52:54,3.23%,0.01,27.48,32.1,3.45,1.33,52.43,0.39,False,0.0,0.0,0.0,5.0,0.0
2021-01-23 16:05:00,King Of The South,3.25,Newcastle,0.32,30.82,100.67,2021-01-23 09:55:47,3.23%,0.01,27.48,32.1,3.45,1.33,52.43,0.39,False,0.0,0.0,0.0,5.0,0.0
2021-01-23 15:35:00,Waiting Patiently,3.75,Ascot,0.23,30.36,99.95,2021-01-23 10:05:16,3.05%,0.01,45.91,52.59,3.9,1.45,52.43,0.05,False,0.0,0.0,0.0,5.0,0.0
2021-01-23 15:35:00,Waiting Patiently,3.75,Ascot,0.14,30.08,99.35,2021-01-23 10:08:18,1.83%,0.0,19.56,22.7,3.95,1.45,52.43,0.27,False,0.0,0.0,0.0,5.0,0.0
2021-01-23 15:35:00,Waiting Patiently,3.75,Ascot,0.14,29.8,99.35,2021-01-23 10:11:13,1.83%,0.0,45.32,52.59,3.95,1.45,52.43,0.62,False,0.0,0.0,0.0,5.0,0.0
2021-01-23 12:30:00,Alaphilippe,6.5,Taunton,0.33,29.14,102.02,2021-01-23 10:55:46,8.26%,0.03,14.03,18.82,7.2,1.78,52.43,0.63,False,0.0,0.0,0.0,5.0,0.0
2021-01-23 12:30:00,Alaphilippe,6.5,Taunton,0.32,28.5,100.84,2021-01-23 10:58:40,8.26%,0.03,10.91,14.57,7.2,1.78,52.43,0.2,False,0.0,0.0,0.0,5.0,0.0
2021-01-23 12:30:00,Alaphilippe,6.5,Taunton,0.23,28.04,101.86,2021-01-23 11:26:57,6.37%,0.01,18.62,22.95,7.0,1.85,52.43,0.74,False,0.0,0.0,0.0,5.0,0.0
2021-01-23 12:30:00,Alaphilippe,6.5,Taunton,0.35,27.34,102.63,2021-01-23 11:30:12,9.52%,0.03,11.64,15.0,7.0,1.8,52.43,0.66,False,0.0,0.0,0.0,5.0,0.0
2021-01-23 16:05:00,King Of The South,3.0,Newcastle,0.11,27.12,99.7,2021-01-23 11:33:36,1.15%,0.0,19.66,24.08,3.3,1.27,52.43,0.13,False,0.0,0.0,0.0,5.0,0.0
2021-01-23 16:05:00,King Of The South,3.0,Newcastle,0.11,26.9,99.7,2021-01-23 11:36:38,1.15%,0.0,19.66,24.08,3.3,1.27,52.43,0.13,False,0.0,0.0,0.0,5.0,0.0
2021-01-23 16:05:00,King Of The South,3.0,Newcastle,0.11,26.68,99.7,2021-01-23 11:39:31,1.15%,0.0,20.58,25.2,3.3,1.27,52.43,0.14,False,0.0,0.0,0.0,5.0,0.0
2021-01-23 16:05:00,King Of The South,3.0,Newcastle,0.11,26.46,99.7,2021-01-23 11:42:26,1.15%,0.0,20.58,25.2,3.3,1.27,52.43,0.14,False,0.0,0.0,0.0,5.0,0.0
2021-01-23 13:35:00,Detatched,10.0,Taunton,0.12,26.22,100.45,2021-01-23 12:40:14,6.06%,0.01,18.04,19.46,10.0,2.64,52.43,0.16,False,0.0,0.0,0.0,5.0,0.0
2021-01-23 15:35:00,Waiting Patiently,3.75,Ascot,0.11,28.8,99.74,2021-01-23 13:06:59,1.6%,0.0,19.81,21.91,3.9,1.47,52.43,0.11,False,0.0,0.0,0.0,5.0,0.0
2021-01-23 15:35:00,Waiting Patiently,3.75,Ascot,0.16,28.48,100.1,2021-01-23 13:09:53,2.32%,0.0,9.66,10.76,3.9,1.46,52.43,0.02,False,0.0,0.0,0.0,5.0,0.0
2021-01-23 15:35:00,Waiting Patiently,3.75,Ascot,0.16,28.16,100.1,2021-01-23 13:12:45,2.32%,0.0,9.66,10.76,3.9,1.46,52.43,0.02,False,0.0,0.0,0.0,5.0,0.0
2021-01-23 15:35:00,Waiting Patiently,3.75,Ascot,0.11,27.94,99.74,2021-01-23 13:15:33,1.6%,0.0,19.81,21.91,3.9,1.47,52.43,0.11,False,0.0,0.0,0.0,5.0,0.0
2021-01-23 15:35:00,Waiting Patiently,3.75,Ascot,0.11,27.72,99.74,2021-01-23 13:18:26,1.6%,0.0,59.44,65.74,3.9,1.47,52.43,0.32,False,0.0,0.0,0.0,5.0,0.0
2021-01-23 15:35:00,Waiting Patiently,3.75,Ascot,0.11,27.5,99.74,2021-01-23 13:21:17,1.6%,0.0,49.77,55.05,3.9,1.47,52.43,0.27,False,0.0,0.0,0.0,5.0,0.0
2021-01-23 15:35:00,Waiting Patiently,3.75,Ascot,0.11,27.28,99.74,2021-01-23 13:24:15,1.6%,0.0,64.27,71.09,3.9,1.47,52.43,0.35,False,0.0,0.0,0.0,5.0,0.0
2021-01-23 15:35:00,Waiting Patiently,3.75,Ascot,0.11,27.06,99.74,2021-01-23 13:27:07,1.6%,0.0,31.41,34.74,3.9,1.47,52.43,0.17,False,0.0,0.0,0.0,5.0,0.0
2021-01-23 15:35:00,Waiting Patiently,3.75,Ascot,0.1,26.86,99.74,2021-01-23 13:29:54,1.6%,0.0,19.81,21.91,3.9,1.47,52.43,0.11,False,0.0,0.0,0.0,5.0,0.0
2021-01-23 15:35:00,Waiting Patiently,3.75,Ascot,0.1,26.66,99.74,2021-01-23 13:32:52,1.6%,0.0,19.81,21.91,3.9,1.47,52.43,0.11,False,0.0,0.0,0.0,5.0,0.0
2021-01-23 15:35:00,Waiting Patiently,3.75,Ascot,0.1,26.46,99.74,2021-01-23 13:35:43,1.6%,0.0,49.29,54.52,3.9,1.47,52.43,0.27,False,0.0,0.0,0.0,5.0,0.0
2021-01-23 15:35:00,Waiting Patiently,3.75,Ascot,0.18,26.1,100.36,2021-01-23 13:38:38,2.84%,0.01,49.93,54.52,3.85,1.47,52.43,0.36,False,0.0,0.0,0.0,5.0,0.0
2021-01-23 15:35:00,Waiting Patiently,3.75,Ascot,0.18,25.74,100.36,2021-01-23 13:41:32,2.84%,0.01,49.93,54.52,3.85,1.47,52.43,0.36,False,0.0,0.0,0.0,5.0,0.0
2021-01-23 15:35:00,Waiting Patiently,3.75,Ascot,0.18,25.38,100.36,2021-01-23 13:44:28,2.84%,0.01,49.93,54.52,3.85,1.47,52.43,0.36,False,0.0,0.0,0.0,5.0,0.0
2021-01-23 15:35:00,Waiting Patiently,3.75,Ascot,0.17,25.04,100.36,2021-01-23 13:47:27,2.84%,0.0,49.93,54.52,3.85,1.47,52.43,0.36,False,0.0,0.0,0.0,5.0,0.0
2021-01-23 15:35:00,Waiting Patiently,3.75,Ascot,0.17,24.7,100.36,2021-01-23 13:50:28,2.84%,0.0,49.93,54.52,3.85,1.47,52.43,0.36,False,0.0,0.0,0.0,5.0,0.0
2021-01-23 15:35:00,Waiting Patiently,3.75,Ascot,0.17,24.36,100.36,2021-01-23 13:53:22,2.84%,0.0,49.93,54.52,3.85,1.47,52.43,0.36,False,0.0,0.0,0.0,5.0,0.0
2021-01-23 15:35:00,Waiting Patiently,3.75,Ascot,0.17,24.02,100.36,2021-01-23 13:56:12,2.84%,0.0,24.97,27.26,3.85,1.47,52.43,0.18,False,0.0,0.0,0.0,5.0,0.0
2021-01-23 15:35:00,Duc Des Genievres,21.0,Ascot,0.12,23.78,104.83,2021-01-23 15:18:27,13.26%,0.02,11.88,15.93,23.0,4.1,52.43,1.26,False,0.0,0.0,0.0,5.0,0.0
2021-01-23 15:35:00,Duc Des Genievres,21.0,Ascot,0.1,23.58,104.06,2021-01-23 15:21:28,11.73%,0.01,44.9,54.91,22.0,4.3,52.43,3.81,False,0.0,0.0,0.0,5.0,0.0
2021-01-23 15:35:00,Duc Des Genievres,21.0,Ascot,0.11,23.36,103.42,2021-01-23 15:24:36,13.26%,0.02,15.54,20.99,23.0,4.1,52.43,1.16,False,0.0,0.0,0.0,5.0,0.0
2021-01-24 15:40:00,Touchwood,2.75,Lingfield,0.14,76.33,98.43,2021-01-24 11:25:46,0.48%,0.0,10.06,11.34,2.92,1.27,52.43,0.33,False,0.0,0.0,0.0,5.0,0.0
2021-01-24 12:40:00,Butterfield,21.0,Lingfield,0.34,75.65,104.99,2021-01-24 11:52:19,13.7%,0.05,11.56,12.01,20.0,4.6,52.43,1.1,False,0.0,0.0,0.0,5.0,0.0
2021-01-24 15:40:00,Ooh Is It,26.0,Lingfield,0.11,75.43,99.48,2021-01-24 15:05:49,5.39%,0.01,10.13,11.5,27.0,5.5,52.43,0.11,False,0.0,0.0,0.0,5.0,0.0
2021-01-24 15:35:00,Baikal,7.0,Pau,0.8,73.83,102.82,2021-01-24 15:14:14,10.29%,0.08,10.42,9.81,6.4,2.18,52.43,0.54,False,0.0,0.0,0.0,5.0,0.0
2021-01-24 15:40:00,Plastic Paddy,67.0,Lingfield,0.13,73.57,105.03,2021-01-24 15:37:57,14.06%,0.02,7.88,13.55,85.0,10.5,52.43,1.01,False,0.0,0.0,0.0,5.0,0.0
2021-01-25 13:10:00,Griggy,13.0,Chelmsford City,0.48,79.97,101.37,2021-01-25 10:29:42,11.36%,0.05,9.79,9.42,12.0,3.3,52.43,0.25,False,0.0,0.0,0.0,5.0,0.0
2021-01-25 13:50:00,Natural History,2.5,Plumpton,0.19,79.59,99.2,2021-01-25 10:30:06,0.48%,0.0,17.46,21.67,2.74,1.19,52.43,0.3,False,0.0,0.0,0.0,5.0,0.0
2021-01-25 13:10:00,Kupa River,21.0,Chelmsford City,0.14,79.31,99.38,2021-01-25 10:55:57,4.94%,0.01,15.99,20.11,23.0,4.4,52.43,0.22,False,0.0,0.0,0.0,5.0,0.0
2021-01-25 13:50:00,John Betjeman,29.0,Plumpton,1.05,77.21,112.12,2021-01-25 13:15:22,31.85%,0.33,3.93,11.29,48.0,3.85,52.43,1.58,False,0.0,0.0,0.0,5.0,0.0
2021-01-26 18:10:00,Shine On Brendan,12.0,Wolverhampton,0.12,79.5,99.7,2021-01-26 12:46:58,2.74%,0.0,24.04,24.79,12.0,3.65,52.43,0.14,False,0.0,0.0,0.0,4.0,0.0
2021-01-26 12:50:00,Monargent,13.0,Cagnes-Sur-Mer Midi.,0.62,78.26,104.03,2021-01-26 12:50:06,14.07%,0.09,10.69,14.15,14.0,3.3,52.43,0.93,False,0.0,0.0,0.0,4.0,0.0
2021-01-26 12:50:00,Revamp,13.0,Cagnes-Sur-Mer Midi.,0.62,77.02,103.81,2021-01-26 12:50:29,13.65%,0.08,13.89,20.65,15.0,3.15,52.43,1.22,False,0.0,0.0,0.0,4.0,0.0
2021-01-28 12:25:00,Cookilayone,6.5,Cagnes-Sur-Mer,0.4,76.22,98.75,2021-01-28 12:17:40,4.46%,0.02,12.27,15.79,7.2,2.08,52.43,0.34,False,0.0,0.0,0.0,4.0,0.0
2021-01-30 07:03:00,Cunnamulla,10.0,Gold Coast,3.72,68.78,117.92,2021-01-30 07:01:17,43.38%,1.61,14.41,26.55,11.5,1.79,52.43,5.91,False,0.0,0.0,0.0,5.0,0.0
2021-01-30 13:30:00,Cheddleton,10.0,Doncaster,0.49,67.8,102.53,2021-01-30 08:01:30,7.98%,0.04,7.87,15.15,14.0,2.38,52.43,0.56,False,0.0,0.0,0.0,4.0,0.0
2021-01-30 13:30:00,Fast Buck,17.0,Doncaster,0.23,67.34,100.8,2021-01-30 08:01:53,6.89%,0.02,5.79,11.87,25.0,3.6,52.43,0.14,False,0.0,0.0,0.0,4.0,0.0
2021-01-30 16:20:00,Lady Catherine,34.0,Kenilworth,0.34,67.64,112.37,2021-01-30 16:10:48,28.99%,0.1,14.58,12.94,28.0,8.6,52.43,2.97,False,0.0,0.0,0.0,4.0,0.0
2021-01-30 17:30:00,Zahirah,13.0,Kempton,0.31,67.02,100.07,2021-01-30 16:17:23,8.62%,0.03,9.92,10.09,12.5,3.25,52.43,0.01,False,0.0,0.0,0.0,5.0,0.0
2021-01-31 15:15:00,Eklat De Rire,3.75,Naas,0.1,67.87,98.13,2021-01-31 11:51:07,0.66%,0.0,19.0,19.63,3.8,1.52,52.43,0.71,False,0.0,0.0,0.0,5.0,0.0
2021-01-31 14:45:00,Yaha Fizz,21.0,Naas,0.1,67.67,100.46,2021-01-31 14:44:20,4.51%,0.0,10.05,12.5,23.0,5.3,52.43,0.1,False,0.0,0.0,0.0,4.0,0.0
2021-01-31 15:10:00,Winnetka,10.0,Wolverhampton,0.41,66.85,102.9,2021-01-31 15:09:16,9.06%,0.04,39.58,43.37,10.0,2.98,52.43,2.29,False,0.0,0.0,0.0,4.0,0.0
2021-01-31 15:15:00,Forza Milan,11.0,Naas,0.45,65.95,102.13,2021-01-31 15:14:05,10.4%,0.05,12.11,12.23,10.5,2.84,52.43,0.49,False,0.0,0.0,0.0,5.0,0.0
2021-02-01 12:30:00,Flexi Furlough,6.5,Sedgefield,0.2,67.41,98.7,2021-01-02 08:39:15,2.19%,0.0,8.18,11.21,7.6,1.8,52.43,0.25,False,0.0,0.0,0.0,5.0,0.0
2021-02-02 17:10:00,Discomatic,3.5,Southwell,0.17,67.47,98.26,2021-02-02 08:02:02,0.73%,0.0,10.62,17.31,4.5,1.22,52.43,0.47,False,0.0,0.0,0.0,5.0,0.0
2021-02-02 17:10:00,Beyond Infinity,126.0,Southwell,0.74,67.47,127.55,2021-02-02 08:35:59,60.22%,0.44,0.5,9.92,1000.0,10.5,52.43,2.2,False,0.0,0.0,0.0,5.0,0.0
2021-02-02 17:10:00,Toscan Genius,101.0,Southwell,0.29,66.73,107.9,2021-02-02 08:37:28,20.1%,0.06,0.56,11.57,1000.0,10.0,52.43,0.87,False,0.0,0.0,0.0,5.0,0.0
2021-02-02 13:25:00,Ottonian,4.0,Newcastle,0.17,66.39,97.85,2021-02-02 10:00:42,1.13%,0.0,17.88,21.26,4.3,1.48,52.43,0.82,False,0.0,0.0,0.0,5.0,0.0
2021-02-02 17:10:00,Polar Ice,15.0,Southwell,0.33,65.73,99.94,2021-02-02 13:06:18,5.46%,0.02,6.05,24.27,36.0,2.32,52.43,0.02,False,0.0,0.0,0.0,5.0,0.0
2021-02-02 17:10:00,Adjourned,34.0,Southwell,0.1,65.0,98.14,2021-02-02 13:57:04,3.64%,0.0,1.85,10.48,110.0,4.4,46.46,0.22,False,0.0,0.0,0.0,5.0,0.0
2021-02-02 17:10:00,Pride Day,126.0,Southwell,0.11,64.78,107.79,2021-02-02 14:06:12,19.77%,0.02,3.72,10.58,220.0,16.0,46.46,1.01,False,0.0,0.0,0.0,5.0,0.0
2021-02-03 12:55:00,Goodbye Stranger,3.0,Warwick,0.1,62.02,97.92,2021-03-02 11:10:01,0.5%,0.0,23.71,26.8,3.15,1.33,52.76,1.02,False,0.0,0.0,0.0,5.0,0.0
2021-02-03 12:55:00,Balzac,26.0,Warwick,0.17,61.68,101.47,2021-03-02 11:52:36,8.91%,0.02,13.83,21.79,32.0,4.7,52.76,0.5,False,0.0,0.0,0.0,5.0,0.0
2021-02-03 12:55:00,Caldwell,26.0,Warwick,0.25,61.68,101.41,2021-03-02 12:45:53,11.76%,0.03,5.42,10.59,36.0,4.3,52.76,0.21,False,0.0,0.0,0.0,5.0,0.0
2021-02-03 12:55:00,Cabot Cliffs,5.0,Warwick,0.89,61.43,102.49,2021-03-02 12:54:13,7.19%,0.06,19.98,29.17,5.9,1.47,52.76,1.17,False,0.0,0.0,0.0,5.0,0.0
2021-02-04 07:15:00,Violation,41.0,Doomben,0.13,61.31,100.5,2021-04-02 07:11:01,10.57%,0.01,6.57,10.36,50.0,7.0,52.76,0.08,False,0.0,0.0,0.0,5.0,0.0
2021-02-04 07:30:00,Castanea,15.0,Pakenham,0.23,60.85,99.2,2021-04-02 07:12:46,6.46%,0.01,5.94,9.73,19.0,2.98,52.76,0.12,False,0.0,0.0,0.0,5.0,0.0
2021-02-04 07:30:00,Castanea,15.0,Pakenham,2.26,56.33,106.27,2021-04-02 07:14:20,0,0.0,2.0,3.06,16.5,2.5163398692810457,17.12,1.5,True,2.0,3.06,0.29,5.0,0.0
2021-02-04 07:30:00,Prince Elvis,8.5,Pakenham,0.14,57.22,98.83,2021-04-02 07:21:30,2.27%,0.0,8.13,13.46,11.0,2.0,17.12,0.25,False,0.0,0.0,0.0,5.0,0.0
2021-02-04 18:30:00,Hope Probe,4.0,Chelmsford City,0.12,104.03,97.48,2021-04-02 08:26:28,0.5%,0.0,16.39,18.5,4.2,1.52,17.11,0.86,False,0.0,0.0,0.0,5.0,0.0
2021-02-04 18:30:00,Five Rings,8.0,Chelmsford City,0.11,103.81,99.12,2021-04-02 08:46:17,1.04%,0.0,9.35,11.89,9.0,2.14,17.11,0.18,False,0.0,0.0,0.0,5.0,0.0
2021-02-04 15:10:00,Welsh Saint,5.5,Ffos Las,0.39,103.03,100.04,2021-04-02 09:29:10,2.73%,0.01,12.5,12.0,5.3,1.92,17.11,0.01,False,0.0,0.0,0.0,5.0,0.0
2021-02-04 18:30:00,Electric Blue,2.1,Chelmsford City,0.38,102.27,99.38,2021-04-02 11:04:39,0.6%,0.0,15.56,17.43,2.18,1.17,17.11,0.2,False,0.0,0.0,0.0,5.0,0.0
2021-02-04 13:35:00,Lucky One,3.4,Wincanton,0.49,101.29,99.86,2021-04-02 12:31:20,1.69%,0.01,15.67,17.96,3.6,1.38,17.11,0.05,False,0.0,0.0,0.0,5.0,0.0
2021-02-04 13:45:00,Desert Boots,5.5,Southwell,0.27,100.75,99.68,2021-04-02 13:44:22,2.09%,0.01,22.49,22.26,5.4,2.12,17.11,0.14,False,0.0,0.0,0.0,4.0,0.0
2021-02-05 08:30:00,Inkslinger,21.0,Moonee Valley,0.19,60.88,103.58,2021-05-02 07:15:46,10.91%,0.02,13.22,10.04,17.5,5.5,60.99,0.79,False,0.0,0.0,0.0,5.0,0.0
2021-02-05 14:50:00,Lies About Milan,4.5,Chepstow,0.73,60.15,100.05,2021-05-02 08:41:41,5.65%,0.04,9.09,11.97,5.0,1.47,64.37,0.01,False,0.0,0.0,0.0,5.0,0.0
2021-02-05 13:00:00,Tinnahalla,3.0,Catterick,0.27,59.61,99.33,2021-05-02 12:22:10,1.3%,0.0,26.84,30.87,3.15,1.32,64.37,0.38,False,0.0,0.0,0.0,5.0,0.0
2021-02-05 16:05:00,Donladd,3.5,Catterick,0.2,60.4,99.02,2021-05-02 14:37:04,1.39%,0.0,15.64,17.22,3.6,1.56,64.37,0.31,False,0.0,0.0,0.0,4.0,0.0
2021-02-05 14:50:00,Cap St Vincent,9.0,Chepstow,0.41,59.58,102.01,2021-05-02 14:48:32,6.82%,0.03,12.3,18.93,11.0,2.08,64.37,0.6,False,0.0,0.0,0.0,5.0,0.0
2021-02-05 15:00:00,Barrichello,2.25,Catterick,0.69,58.2,100.07,2021-05-02 14:48:57,2.09%,0.01,71.77,81.86,2.34,1.18,64.37,0.1,False,0.0,0.0,0.0,5.0,0.0
2021-02-05 15:00:00,Passnotalegend,26.0,Catterick,0.74,56.72,112.86,2021-05-02 14:58:15,29.38%,0.22,12.36,31.4,40.0,3.65,64.37,4.89,False,0.0,0.0,0.0,5.0,0.0
2021-02-06 16:15:00,Defined,4.0,Kempton,0.24,58.98,99.83,2021-06-02 08:41:56,1.91%,0.0,12.56,12.9,4.0,1.57,64.37,0.04,False,0.0,0.0,0.0,5.0,0.0
2021-02-06 15:25:00,Longsider,4.0,Lingfield,1.36,57.98,103.19,2021-06-02 11:18:55,9.52%,0.13,10.53,13.04,4.2,1.4,64.37,0.7,False,0.0,0.0,0.0,5.0,0.0
2021-02-06 15:25:00,Toora Loora,4.0,Lingfield,0.25,57.98,99.86,2021-06-02 13:42:49,1.87%,0.0,10.75,12.69,4.3,1.47,64.37,0.03,False,0.0,0.0,0.0,5.0,0.0
2021-02-06 16:15:00,Doublethetrouble,12.0,Kempton,0.25,57.48,101.47,2021-06-02 16:10:43,5.98%,0.01,7.21,11.43,15.0,2.54,64.37,0.27,False,0.0,0.0,0.0,5.0,0.0
2021-02-06 16:15:00,Jersey Gift,67.0,Kempton,0.12,57.24,105.71,2021-06-02 16:12:49,15.42%,0.02,5.64,11.62,95.0,9.8,64.37,0.91,False,0.0,0.0,0.0,5.0,0.0
2021-02-07 15:10:00,Andy Dufresne,10.0,Leopardstown,0.12,57.24,98.65,2021-07-02 10:46:30,2.66%,0.0,7.86,10.5,11.5,2.42,64.37,0.24,False,0.0,0.0,0.0,5.0,0.0
2021-02-07 15:10:00,Asterion Forlonge,9.0,Leopardstown,0.1,57.24,99.55,2021-07-02 11:06:55,2.02%,0.0,10.93,13.45,9.9,2.34,64.37,0.11,False,0.0,0.0,0.0,5.0,0.0
2021-02-07 14:25:00,Born Patriot,8.5,Musselburgh,0.23,57.24,99.66,2021-07-02 11:10:11,4.05%,0.01,34.92,50.0,10.0,2.1,64.37,0.28,False,0.0,0.0,0.0,5.0,0.0
2021-02-07 15:10:00,Janidil,21.0,Leopardstown,0.11,57.24,100.74,2021-07-02 11:35:39,4.87%,0.01,9.01,15.67,28.0,3.85,64.37,0.18,False,0.0,0.0,0.0,5.0,0.0
2021-02-07 13:55:00,Kings Creek,26.0,Musselburgh,0.17,56.9,102.06,2021-07-02 12:19:34,10.5%,0.02,9.3,11.81,28.0,5.1,64.37,0.41,False,0.0,0.0,0.0,5.0,0.0
2021-02-07 14:25:00,Tidal Point,67.0,Musselburgh,0.12,56.66,105.47,2021-07-02 12:55:29,14.92%,0.02,8.04,17.79,100.0,9.6,64.37,1.31,False,0.0,0.0,0.0,5.0,0.0
2021-02-07 13:25:00,Scottish Accent,7.5,Musselburgh,0.61,55.44,103.59,2021-07-02 13:24:19,10.02%,0.06,20.24,24.15,7.8,2.02,64.37,1.51,False,0.0,0.0,0.0,5.0,0.0
2021-02-07 14:35:00,Straight Ash,9.0,Southwell,0.39,56.84,102.17,2021-07-02 13:59:41,7.21%,0.03,24.48,34.95,10.5,2.14,64.37,1.24,False,0.0,0.0,0.0,5.0,0.0
2021-02-07 14:25:00,Leostar,81.0,Musselburgh,0.15,56.06,107.84,2021-07-02 14:03:16,19.76%,0.03,9.55,26.77,140.0,10.5,64.37,2.59,False,0.0,0.0,0.0,5.0,0.0
2021-02-08 13:30:00,Raecius Felix,5.5,Newcastle,0.2,56.77,99.18,2021-08-02 09:48:49,2.08%,0.0,10.45,15.32,6.6,1.6,64.37,0.2,False,0.0,0.0,0.0,5.0,0.0
2021-02-08 19:00:00,Byford,4.0,Wolverhampton,0.1,56.37,97.58,2021-08-02 09:50:26,0.79%,0.0,16.3,17.6,4.1,1.55,64.37,0.8,False,0.0,0.0,0.0,5.0,0.0
2021-02-08 15:05:00,Shetland Bus,11.0,Newcastle,0.11,56.17,97.58,2021-08-02 10:02:45,2.73%,0.0,10.19,14.46,13.0,2.54,64.37,0.58,False,0.0,0.0,0.0,5.0,0.0
2021-02-08 13:30:00,Reassurance,21.0,Newcastle,0.4,55.95,106.58,2021-08-02 13:28:53,16.67%,0.07,11.29,20.25,27.0,3.6,64.37,1.91,False,0.0,0.0,0.0,5.0,0.0
2021-02-08 19:00:00,Yankee Stadium,2.5,Wolverhampton,0.25,55.15,99.69,2021-08-02 13:39:46,0.99%,0.0,24.71,27.17,2.6,1.24,64.37,0.16,False,0.0,0.0,0.0,5.0,0.0
2021-02-10 09:30:00,Angeli,21.0,Launceston,0.93,57.87,114.28,2021-10-02 07:08:31,38.31%,0.35,9.57,14.49,22.0,3.5,64.37,2.86,False,0.0,0.0,0.0,5.0,0.0
2021-02-10 09:30:00,Angeli,21.0,Launceston,2.71,56.01,114.28,2021-10-02 07:18:36,0,0.0,2.6,3.93,22.0,0.0,9.77,2.86,True,2.6,0.0,0.0,5.0,0.0
2021-02-10 16:45:00,Never Said Nothing,6.5,Wolverhampton,0.23,56.01,100.37,2021-10-02 14:27:23,3.48%,0.01,11.85,12.73,6.6,2.0,66.81,0.09,False,0.0,0.0,0.0,5.0,0.0
2021-02-10 19:15:00,Time Frame,21.0,Wolverhampton,0.12,55.55,101.24,2021-10-02 14:43:51,5.95%,0.01,12.61,18.38,25.0,4.1,66.81,0.37,False,0.0,0.0,0.0,5.0,0.0
2021-02-10 19:15:00,Ronan Accuser,6.5,Wolverhampton,0.15,55.79,97.77,2021-10-02 17:52:32,2.23%,0.0,14.5,17.41,7.0,1.92,66.81,0.69,False,0.0,0.0,0.0,5.0,0.0
2021-02-11 17:00:00,Sweet Vinetta,41.0,Newcastle,0.43,55.49,109.74,2021-11-02 16:01:57,24.71%,0.11,2.9,10.63,85.0,5.1,66.81,1.17,False,0.0,0.0,0.0,5.0,0.0
2021-02-11 17:00:00,Skulk,2.5,Newcastle,1.76,54.63,102.07,2021-11-02 16:21:35,5.47%,0.1,30.38,42.52,2.9,1.09,66.81,1.45,False,0.0,0.0,0.0,5.0,0.0
2021-02-11 17:00:00,Tarneemat,11.0,Newcastle,0.11,51.11,98.6,2021-11-02 16:40:49,2.13%,0.0,9.27,23.65,19.0,2.08,66.81,0.45,False,0.0,0.0,0.0,5.0,0.0
2021-02-11 17:00:00,Little Miss Moo,151.0,Newcastle,0.21,50.89,116.45,2021-11-02 16:44:19,43.14%,0.09,3.45,16.05,350.0,15.5,66.81,2.63,False,0.0,0.0,0.0,5.0,0.0
2021-02-12 15:15:00,Bluella,8.0,Southwell,0.24,53.09,100.89,2021-12-02 15:12:00,4.7%,0.01,13.2,14.59,8.2,2.24,66.81,0.24,False,0.0,0.0,0.0,5.0,0.0
2021-02-13 07:55:00,Platoon,6.5,Ascot,0.27,52.61,100.13,2021-02-13 07:51:09,4.76%,0.01,14.92,13.06,5.9,2.22,66.81,0.04,False,0.0,0.0,0.0,5.0,0.0
2021-02-14 13:40:00,Norley,41.0,Exeter,0.11,54.39,100.5,2021-02-14 11:57:00,10.57%,0.01,13.95,22.01,50.0,7.0,66.81,0.17,False,0.0,0.0,0.0,5.0,0.0
2021-02-14 13:40:00,Martinhal,5.5,Exeter,0.1,54.17,99.34,2021-02-14 12:06:19,1.17%,0.0,8.89,10.37,5.9,1.76,66.81,0.13,False,0.0,0.0,0.0,5.0,0.0
2021-02-15 13:10:00,Annie Moore,67.0,Lingfield,0.11,54.71,105.71,2021-02-15 11:37:39,15.42%,0.02,5.29,10.89,95.0,9.8,66.81,0.86,False,0.0,0.0,0.0,5.0,0.0
2021-02-15 12:25:00,Vicopisano,29.0,Toulouse,0.13,54.49,102.04,2021-02-15 12:08:45,10.53%,0.01,15.05,14.55,27.0,6.4,66.81,0.57,False,0.0,0.0,0.0,5.0,0.0
2021-02-15 13:10:00,Talk Of A Storm,126.0,Lingfield,0.11,54.23,109.66,2021-02-15 13:08:08,25.5%,0.03,5.36,13.83,200.0,16.0,66.81,1.64,False,0.0,0.0,0.0,5.0,0.0
2021-02-15 13:50:00,Stellar Magic,2.2,Warwick,0.21,54.01,99.63,2021-02-15 13:16:37,0.69%,0.0,24.34,26.5,2.28,1.19,66.81,0.18,False,0.0,0.0,0.0,5.0,0.0
2021-02-16 13:35:00,Pay The Piper,3.0,Carlisle,0.27,53.59,99.82,2021-02-16 09:17:45,1.44%,0.0,11.79,13.67,3.2,1.3,66.81,0.04,False,0.0,0.0,0.0,5.0,0.0
2021-02-16 15:25:00,Elvic,7.0,Kempton,0.24,53.05,99.38,2021-02-16 09:34:41,3.55%,0.01,11.32,16.41,8.4,1.83,66.81,0.17,False,0.0,0.0,0.0,5.0,0.0
2021-02-16 13:55:00,Portelet Bay,51.0,Kempton,1.03,52.57,146.02,2021-02-16 11:12:26,97.31%,1.0,12.2,20.58,46.0,5.9,66.81,10.12,False,0.0,0.0,0.0,5.0,0.0
2021-02-16 13:55:00,Thomas Daniell,67.0,Kempton,0.1,50.51,103.35,2021-02-16 11:16:59,10.5%,0.01,2.56,11.15,170.0,8.3,66.81,0.44,False,0.0,0.0,0.0,5.0,0.0
2021-02-16 13:55:00,Pablo Del Pueblo,17.0,Kempton,3.53,50.31,112.21,2021-02-16 12:31:30,0,0.0,2.61,5.72,22.0,0.0,12.0,4.76,True,2.61,0.0,0.0,5.0,0.0
2021-02-16 13:55:00,Pablo Del Pueblo,17.0,Kempton,0.88,43.25,113.14,2021-02-16 12:32:20,31.81%,0.28,5.56,11.93,23.0,2.66,12.0,1.97,False,0.0,0.0,0.0,5.0,0.0
2021-02-16 15:25:00,Kestenna,2.25,Kempton,0.86,41.49,100.3,2021-02-16 12:34:33,3.76%,0.03,23.0,24.78,2.3,1.18,12.0,0.14,False,0.0,0.0,0.0,5.0,0.0
2021-02-16 13:55:00,Pretty Shiftwell,15.0,Kempton,0.24,39.77,101.43,2021-02-16 12:44:31,8.65%,0.02,10.63,25.33,24.0,2.6,12.0,0.49,False,0.0,0.0,0.0,5.0,0.0
2021-02-18 12:25:00,Echiquier,9.0,Fontainebleau,0.16,52.1,98.16,2021-02-18 12:23:22,4.16%,0.01,39.88,36.58,8.4,2.68,59.32,1.36,False,0.0,0.0,0.0,5.0,0.0
2021-02-18 15:40:00,Red Rookie,3.5,Sandown,0.31,53.64,100.04,2021-02-18 15:31:20,2.02%,0.01,14.62,18.05,3.85,1.35,59.32,0.01,False,0.0,0.0,0.0,5.0,0.0
2021-02-18 15:40:00,Rabski,21.0,Sandown,0.27,53.02,104.27,2021-02-18 15:34:39,11.99%,0.03,10.88,19.97,28.0,3.65,59.32,1.24,False,0.0,0.0,0.0,5.0,0.0
2021-02-19 16:15:00,Rocklander,3.75,Fakenham,0.28,54.03,99.46,2021-02-19 15:21:36,2.13%,0.01,36.23,40.1,3.85,1.48,59.32,0.4,False,0.0,0.0,0.0,5.0,0.0
2021-02-19 16:30:00,Whirling Dervish,5.0,Dundalk,0.51,53.47,99.7,2021-02-19 15:23:34,5.45%,0.03,21.43,25.8,5.3,1.62,59.32,0.14,False,0.0,0.0,0.0,5.0,0.0
2021-02-19 16:30:00,Grandmaster Flash,3.25,Dundalk,0.17,52.45,99.59,2021-02-19 15:32:35,1.07%,0.0,28.95,34.05,3.5,1.34,59.32,0.26,False,0.0,0.0,0.0,5.0,0.0
2021-02-19 16:52:00,Hector Master,13.0,Kelso,0.12,52.11,99.14,2021-02-19 15:46:40,4.23%,0.01,19.33,21.73,13.5,3.15,59.32,0.34,False,0.0,0.0,0.0,5.0,0.0
2021-02-19 16:15:00,Chapelier,41.0,Fakenham,0.1,51.87,100.41,2021-02-19 16:03:05,10.42%,0.01,14.54,21.4,48.0,7.2,59.32,0.14,False,0.0,0.0,0.0,5.0,0.0
2021-02-19 16:52:00,Release The Kraken,11.0,Kelso,0.21,51.67,101.4,2021-02-19 16:05:21,5.95%,0.01,20.6,23.89,11.5,2.72,59.32,0.6,False,0.0,0.0,0.0,5.0,0.0
2021-02-19 16:15:00,Pass The Hat,29.0,Fakenham,0.17,51.25,101.71,2021-02-19 16:12:48,12.85%,0.02,9.53,12.95,32.0,5.4,59.32,0.36,False,0.0,0.0,0.0,5.0,0.0
2021-02-20 07:03:00,Belistic Man,51.0,Eagle Farm,0.15,51.71,109.8,2021-02-20 07:02:20,26.28%,0.04,12.76,7.64,36.0,13.0,59.32,1.76,False,0.0,0.0,0.0,5.0,0.0
2021-02-20 07:32:00,Jeraft,13.0,Ascot,0.44,51.41,106.03,2021-02-20 07:30:16,15.48%,0.07,16.67,17.95,12.5,3.05,59.32,1.93,False,0.0,0.0,0.0,5.0,0.0
2021-02-20 13:38:00,Earl Of Wisdom,51.0,Wincanton,0.12,50.53,102.33,2021-02-20 11:31:42,12.4%,0.01,4.78,11.22,80.0,7.4,59.32,0.35,False,0.0,0.0,0.0,5.0,0.0
2021-02-20 13:26:00,Invincible Swagger,2.5,Lingfield,1.3,50.29,101.65,2021-02-20 11:41:06,5.4%,0.07,23.26,27.37,2.6,1.19,59.32,0.79,False,0.0,0.0,0.0,5.0,0.0
2021-02-20 12:23:00,Myunclecharlie,17.0,Cagnes-Sur-Mer,0.16,47.69,99.64,2021-02-20 12:12:19,7.96%,0.01,14.21,17.26,18.0,3.7,59.32,0.11,False,0.0,0.0,0.0,5.0,0.0
2021-02-21 14:40:00,Shore Shanty,7.0,Market Rasen,0.12,50.29,98.48,2021-02-21 11:28:44,2.11%,0.0,21.32,25.56,7.6,2.0,59.32,0.7,False,0.0,0.0,0.0,5.0,0.0
2021-02-21 13:00:00,Island Nation,51.0,Market Rasen,0.19,50.05,104.52,2021-02-21 11:37:29,0,0.0,0.16,0.25,0.0,0.0,59.32,0.86,True,0.0,0.0,0.0,5.0,0.0
2021-02-21 13:00:00,Island Nation,51.0,Market Rasen,0.15,49.67,106.3,2021-02-21 11:38:04,19.15%,0.03,7.23,11.43,60.0,8.2,59.32,1.07,False,0.0,0.0,0.0,5.0,0.0
2021-02-21 17:10:00,The Flier Begley,17.0,Navan,0.5,49.87,107.43,2021-02-21 16:59:40,18.21%,0.09,8.51,15.61,22.0,2.98,59.32,1.63,False,0.0,0.0,0.0,5.0,0.0
2021-02-21 17:10:00,Dicey Rylee,51.0,Navan,0.18,44.11,105.4,2021-02-21 17:08:16,20.78%,0.04,7.48,16.92,75.0,7.2,21.87,1.19,False,0.0,0.0,0.0,5.0,0.0
2021-02-22 13:00:00,Ulverston,2.75,Carlisle,0.74,53.75,99.87,2021-02-22 10:55:08,3.24%,0.02,26.1,31.76,3.0,1.21,55.29,0.07,False,0.0,0.0,0.0,5.0,0.0
2021-02-22 16:30:00,Fire Squadron,2.75,Fairyhouse,0.23,53.27,98.34,2021-02-22 15:02:30,1.19%,0.0,33.75,35.61,2.78,1.32,55.29,1.11,False,0.0,0.0,0.0,5.0,0.0
2021-02-23 14:15:00,Black Kettle,67.0,Wetherby,0.16,53.12,112.82,2021-02-23 14:13:00,30.0%,0.05,10.05,10.67,60.0,12.0,55.29,2.31,False,0.0,0.0,0.0,5.0,0.0
2021-02-24 07:45:00,Captivated,3.75,Ipswich,0.72,52.8,100.09,2021-02-24 07:01:22,5.58%,0.04,25.0,27.68,3.8,1.45,55.29,0.04,False,0.0,0.0,0.0,5.0,0.0
2021-02-24 14:55:00,Riggs,3.5,Doncaster,0.67,52.48,100.75,2021-02-24 08:19:01,4.25%,0.03,32.47,42.86,3.9,1.31,55.29,0.54,False,0.0,0.0,0.0,5.0,0.0
2021-02-24 18:45:00,Top Fox,3.5,Kempton,0.5,51.14,100.29,2021-02-24 08:27:38,3.61%,0.02,22.97,25.92,3.6,1.41,55.29,0.14,False,0.0,0.0,0.0,5.0,0.0
2021-02-24 15:15:00,Red Stripes,7.0,Southwell,0.15,50.14,99.94,2021-02-24 09:50:49,2.56%,0.0,12.15,15.39,7.8,1.95,55.29,0.02,False,0.0,0.0,0.0,5.0,0.0
2021-02-24 19:15:00,Party Island,9.0,Kempton,4.9,49.84,108.63,2021-02-24 10:13:15,0,0.0,4.44,6.78,9.43,2.22,9.6,1.38,True,4.44,6.78,0.51,4.0,0.0
2021-02-24 14:55:00,Get Prepared,23.0,Doncaster,0.24,40.04,105.4,2021-02-24 10:25:31,17.03%,0.04,9.75,14.21,26.0,4.2,9.6,1.19,False,0.0,0.0,0.0,5.0,45.7008
2021-02-24 15:15:00,Cool Spirit,23.0,Southwell,0.11,39.56,101.02,2021-02-24 10:31:52,8.46%,0.01,17.71,24.27,26.0,4.5,9.6,0.41,False,0.0,0.0,0.0,5.0,45.7008
2021-02-24 15:15:00,Brandy Station,11.0,Southwell,0.23,39.34,101.35,2021-02-24 11:49:18,8.0%,0.02,14.1,19.59,12.5,2.5,9.6,0.43,False,0.0,0.0,0.0,5.0,45.7008
2021-02-25 07:30:00,Glamdam,4.5,Pakenham,0.66,42.07,100.94,2021-02-25 07:22:25,7.48%,0.05,19.48,25.14,4.9,1.47,66.28,0.39,False,0.0,0.0,0.0,5.0,0.0
2021-02-25 07:30:00,Glamdam,5.0,Pakenham,5.04,40.75,106.75,2021-02-25 07:26:27,0,0.0,4.89,6.43,5.0,1.5,43.5,1.69,True,4.89,6.43,0.1,5.0,0.0
2021-02-25 13:00:00,Fairfield Ferrata,26.0,Huntingdon,0.16,40.86,102.26,2021-02-25 11:36:13,13.94%,0.02,11.09,13.66,27.0,5.1,67.66,0.52,False,0.0,0.0,0.0,5.0,0.0
2021-02-25 18:30:00,Night Of Romance,5.5,Southwell,0.37,40.54,100.92,2021-02-25 11:42:13,6.02%,0.02,7.44,10.38,6.3,1.79,67.66,0.16,False,0.0,0.0,0.0,4.0,0.0
2021-02-25 17:30:00,Global Melody,21.0,Southwell,0.11,39.8,102.54,2021-02-25 11:56:46,8.7%,0.01,12.51,13.65,21.0,4.6,67.66,0.64,False,0.0,0.0,0.0,5.0,0.0
2021-02-26 12:30:00,Manofmanywords,51.0,Exeter,0.37,39.58,116.44,2021-02-26 08:49:18,37.02%,0.14,3.49,11.96,95.0,6.0,67.66,2.14,False,0.0,0.0,0.0,5.0,0.0
2021-02-26 12:30:00,Investment Manager,10.0,Exeter,0.28,38.84,100.19,2021-02-26 09:55:58,7.41%,0.02,7.06,12.98,13.5,2.1,67.66,0.04,False,0.0,0.0,0.0,5.0,0.0
2021-02-26 10:35:00,Cruzador,3.0,Fairview,0.79,38.28,101.81,2021-02-26 09:58:48,5.28%,0.04,9.22,13.64,3.6,1.23,67.66,0.4,False,0.0,0.0,0.0,4.0,0.0
2021-02-27 12:20:00,Lady Leonie,15.0,Lingfield,0.11,45.11,100.55,2021-02-27 11:39:59,4.25%,0.0,11.64,20.17,20.0,2.94,67.66,0.17,False,0.0,0.0,0.0,5.0,0.0
2021-02-28 15:40:00,Lucky Lara,17.0,Fontwell,0.11,34.21,99.15,2021-02-28 10:43:46,6.74%,0.01,14.49,21.0,20.0,3.45,78.84,0.29,False,0.0,0.0,0.0,5.0,0.0
2021-02-28 12:40:00,Vicopisano,12.0,Bordeaux Le Bouscat,0.26,34.21,102.62,2021-02-28 12:22:42,10.71%,0.03,10.3,15.3,14.0,2.56,78.84,0.63,False,0.0,0.0,0.0,5.0,0.0
2021-02-28 12:40:00,El Ingrato,12.0,Bordeaux Le Bouscat,0.15,33.69,99.58,2021-02-28 12:36:06,7.38%,0.01,12.05,13.11,12.0,2.98,78.84,0.1,False,0.0,0.0,0.0,5.0,0.0
2021-02-28 13:55:00,Proud Warrior,12.0,Greyville,0.44,33.39,109.81,2021-02-28 13:39:52,25.63%,0.11,13.83,12.32,10.0,3.55,78.84,2.26,False,0.0,0.0,0.0,4.0,0.0
2021-02-28 16:20:00,Exploiteur,2.75,Hereford,0.7,32.97,101.87,2021-02-28 16:18:43,5.47%,0.04,160.26,198.38,2.98,1.27,78.84,6.46,False,0.0,0.0,0.0,4.0,0.0
2021-02-28 16:30:00,Great Bear,4.0,Naas,0.38,31.57,101.3,2021-02-28 16:27:01,4.6%,0.02,11.35,15.52,4.6,1.36,78.84,0.34,False,0.0,0.0,0.0,5.0,0.0
2021-02-28 17:30:00,Highland Charge,3.75,Naas,0.13,31.42,99.83,2021-02-28 16:46:49,1.79%,0.0,11.21,14.25,4.2,1.5,78.84,0.04,False,0.0,0.0,0.0,4.0,0.0
2021-03-01 16:00:00,Dalton Highway,8.5,Punchestown,0.21,31.16,100.12,2021-01-03 11:26:02,8.03%,0.02,10.69,12.5,8.8,2.58,78.84,0.03,False,0.0,0.0,0.0,4.0,0.0
2021-03-01 14:05:00,Ginger Du Val,5.5,Plumpton,0.19,30.74,99.94,2021-01-03 12:37:54,3.59%,0.01,10.87,16.14,6.6,1.58,78.84,0.01,False,0.0,0.0,0.0,5.0,0.0
2021-03-01 14:05:00,Loughan,3.75,Plumpton,0.17,30.36,100.04,2021-01-03 13:38:46,2.02%,0.0,11.83,15.73,4.3,1.35,78.84,0.01,False,0.0,0.0,0.0,5.0,0.0
2021-03-01 16:00:00,Tokyo Getaway,13.0,Punchestown,0.14,30.02,102.71,2021-01-03 13:51:49,8.8%,0.01,9.76,12.24,14.0,3.45,78.84,0.57,False,0.0,0.0,0.0,4.0,0.0
2021-03-01 14:50:00,Mahons Glory,3.5,Punchestown,0.12,29.74,99.25,2021-01-03 14:10:28,1.52%,0.0,16.39,18.61,3.65,1.42,78.84,0.25,False,0.0,0.0,0.0,5.0,0.0
2021-03-01 17:20:00,Balearic,7.5,Wolverhampton,0.1,29.5,100.17,2021-01-03 14:31:55,3.11%,0.0,11.46,14.09,8.2,2.06,78.84,0.04,False,0.0,0.0,0.0,5.0,0.0
2021-03-02 12:30:00,Omar Maretti,2.2,Catterick,0.19,30.8,99.61,2021-02-03 08:01:58,1.05%,0.0,29.15,34.95,2.36,1.15,78.84,0.24,False,0.0,0.0,0.0,5.0,0.0
2021-03-02 16:40:00,Tango De Juilley,8.5,Leicester,0.26,30.42,102.41,2021-02-03 09:23:16,7.48%,0.02,6.19,10.53,11.0,1.92,78.84,0.39,False,0.0,0.0,0.0,5.0,0.0
2021-03-02 12:30:00,El Jefe,13.0,Catterick,0.14,29.9,101.23,2021-02-03 11:48:43,5.15%,0.01,14.83,44.05,25.0,2.22,78.84,0.7,False,0.0,0.0,0.0,5.0,0.0
2021-03-02 12:30:00,Very Patient,51.0,Catterick,0.2,29.62,106.63,2021-02-03 12:05:33,22.87%,0.05,4.74,24.44,140.0,5.9,78.84,1.72,False,0.0,0.0,0.0,5.0,0.0
2021-03-02 16:40:00,Straidnahanna,26.0,Leicester,0.12,30.35,103.04,2021-02-03 15:29:08,11.76%,0.01,9.76,18.93,36.0,4.3,78.84,0.82,False,0.0,0.0,0.0,5.0,0.0
2021-03-03 13:30:00,Balko Saint,2.5,Wincanton,0.38,30.76,100.26,2021-03-03 10:28:46,2.71%,0.01,36.82,42.22,2.6,1.22,78.84,0.2,False,0.0,0.0,0.0,5.0,0.0
2021-03-03 12:45:00,Presentandcounting,2.0,Musselburgh,0.77,30.0,101.3,2021-03-03 11:41:05,3.91%,0.03,36.89,41.67,2.08,1.16,78.84,0.99,False,0.0,0.0,0.0,4.0,0.0
2021-03-04 16:50:00,Thunder Lily,29.0,Chelmsford City,0.12,30.86,102.96,2021-04-03 12:05:56,9.31%,0.01,4.11,13.75,60.0,4.1,78.84,0.5,False,0.0,0.0,0.0,5.0,0.0
2021-03-04 16:50:00,Cheshire Plain,101.0,Chelmsford City,0.11,30.62,112.13,2021-04-03 12:58:23,28.52%,0.03,2.53,10.06,220.0,11.5,78.84,1.33,False,0.0,0.0,0.0,5.0,0.0
2021-03-04 16:50:00,Lexington Liberty,8.0,Chelmsford City,0.11,30.4,100.21,2021-04-03 16:11:41,2.9%,0.0,14.63,28.31,11.5,1.8,78.84,0.09,False,0.0,0.0,0.0,5.0,0.0
2021-03-04 16:50:00,Regent,2.5,Chelmsford City,0.11,30.18,99.63,2021-04-03 16:37:05,0.72%,0.0,77.68,99.21,2.82,1.16,78.84,0.65,False,0.0,0.0,0.0,5.0,0.0
2021-03-05 09:00:00,Kichierro,11.0,Cranbourne,0.18,30.38,99.97,2021-05-03 08:59:40,7.57%,0.01,10.19,15.06,13.0,2.44,78.84,0.01,False,0.0,0.0,0.0,5.0,0.0
2021-03-05 14:50:00,Timberman,2.25,Doncaster,0.28,32.54,99.81,2021-05-03 11:11:52,1.51%,0.0,19.85,23.65,2.4,1.16,78.84,0.08,False,0.0,0.0,0.0,5.0,0.0
2021-03-05 13:35:00,Hamundarson,2.25,Fairyhouse,0.83,31.98,100.51,2021-05-03 11:35:03,4.66%,0.04,10.0,11.16,2.3,1.17,78.84,0.1,False,0.0,0.0,0.0,5.0,0.0
2021-03-05 17:05:00,Bard Of Brittany,17.0,Doncaster,0.1,31.36,102.27,2021-05-03 14:17:42,8.08%,0.01,10.4,12.56,18.0,4.4,78.84,0.5,False,0.0,0.0,0.0,4.0,0.0
2021-03-06 15:11:00,Imajorblush,7.5,Lingfield,0.22,33.54,100.58,2021-06-03 11:20:17,6.0%,0.01,8.35,12.56,9.0,2.14,78.84,0.12,False,0.0,0.0,0.0,4.0,0.0
2021-03-06 14:13:00,Sumtinboutporter,126.0,Navan,0.29,33.1,118.77,2021-06-03 11:42:00,48.96%,0.14,0.63,11.87,1000.0,11.0,78.84,1.88,False,0.0,0.0,0.0,5.0,0.0
2021-03-06 15:11:00,Enmeshing,21.0,Lingfield,1.55,32.52,108.55,2021-06-03 12:01:46,0,0.0,0.96,2.59,29.0,3.6,45.22,2.05,True,0.96,2.59,0.25,4.0,0.0
2021-03-06 15:11:00,Enmeshing,21.0,Lingfield,0.37,29.42,110.17,2021-06-03 12:02:28,23.93%,0.09,8.03,21.2,34.0,3.7,45.22,2.65,False,0.0,0.0,0.0,4.0,0.0
2021-03-06 15:11:00,Enmeshing,21.0,Lingfield,0.75,28.68,104.14,2021-06-03 12:04:10,0,0.0,0.39,1.24,29.0,0.0,34.3,0.99,True,0.39,0.0,0.0,4.0,0.0
2021-03-06 15:11:00,Three Dragons,10.0,Lingfield,0.16,27.18,100.74,2021-06-03 15:03:39,6.85%,0.01,6.44,12.45,14.0,2.4,34.3,0.13,False,0.0,0.0,0.0,4.0,0.0
2021-03-07 14:00:00,Hystery Bere,3.75,Huntingdon,0.18,27.44,98.63,2021-07-03 08:20:36,2.71%,0.0,11.5,12.38,3.8,1.49,82.7,0.32,False,0.0,0.0,0.0,5.0,0.0
2021-03-07 13:50:00,Malpas,2.75,Sedgefield,0.74,27.08,102.45,2021-07-03 08:53:03,6.54%,0.05,12.95,17.37,3.1,1.22,82.7,0.71,False,0.0,0.0,0.0,4.0,0.0
2021-03-09 14:25:00,Shumard,15.0,Clonmel,0.15,25.88,102.47,2021-09-03 10:54:07,10.82%,0.02,13.69,19.31,17.0,3.1,82.7,0.76,False,0.0,0.0,0.0,5.0,0.0
2021-03-10 15:40:00,Canada Kid,11.0,Catterick,0.21,25.88,102.89,2021-10-03 15:13:20,8.58%,0.02,8.47,23.03,19.5,2.3,82.7,0.87,False,0.0,0.0,0.0,4.0,0.0
2021-03-10 15:40:00,Loveyoutothemoon,67.0,Catterick,0.1,25.46,110.77,2021-10-03 15:23:02,27.58%,0.03,7.62,20.87,110.0,10.5,82.7,2.69,False,0.0,0.0,0.0,4.0,0.0
2021-03-10 15:40:00,Matthew Man,13.0,Catterick,0.33,25.26,105.08,2021-10-03 15:23:19,14.6%,0.05,13.55,42.62,25.0,2.46,82.7,2.64,False,0.0,0.0,0.0,4.0,0.0
2021-03-11 15:15:00,Mister Watson,2.2,Carlisle,0.18,33.28,99.76,2021-11-03 11:12:59,0.75%,0.0,19.92,26.91,2.56,1.08,82.7,0.11,False,0.0,0.0,0.0,5.0,0.0
2021-03-11 15:15:00,Sputnik,81.0,Carlisle,0.13,32.92,111.82,2021-11-03 11:22:57,27.86%,0.04,5.21,15.33,140.0,10.0,82.7,2.13,False,0.0,0.0,0.0,5.0,0.0
2021-03-11 13:15:00,Villanelle,6.5,Southwell,0.14,32.66,100.36,2021-11-03 12:02:49,3.38%,0.0,13.04,15.64,7.0,1.9,82.7,0.1,False,0.0,0.0,0.0,5.0,0.0
2021-03-11 17:00:00,Wilderness,67.0,Wincanton,0.19,32.38,115.87,2021-11-03 13:09:27,36.05%,0.07,5.36,13.56,100.0,8.4,82.7,2.54,False,0.0,0.0,0.0,5.0,0.0
2021-03-11 15:25:00,Minella Whisper,10.0,Wincanton,0.22,31.89,103.11,2021-11-03 15:19:47,9.38%,0.02,33.07,36.38,10.0,2.56,82.7,2.06,False,0.0,0.0,0.0,5.0,0.0
2021-03-12 14:20:00,Gortroe Joe,10.0,Leicester,0.16,41.21,101.29,2021-12-03 12:07:58,5.78%,0.01,9.54,11.13,10.5,2.94,82.7,0.26,False,0.0,0.0,0.0,4.0,0.0
2021-03-12 14:05:00,Kondratiev Wave,34.0,Lingfield,0.35,40.89,117.84,2021-12-03 12:14:04,40.0%,0.14,20.98,23.51,30.0,6.0,82.7,6.6,False,0.0,0.0,0.0,5.0,0.0
2021-03-12 14:20:00,The Bay Birch,3.5,Leicester,0.48,40.19,100.77,2021-12-03 13:09:02,4.84%,0.02,28.35,32.28,3.6,1.51,82.7,0.45,False,0.0,0.0,0.0,4.0,0.0
2021-03-13 07:55:00,Holy Enchantment,7.5,Ascot,0.42,40.01,100.8,2021-03-13 07:07:47,7.96%,0.03,8.46,14.88,9.8,1.75,82.7,0.18,False,0.0,0.0,0.0,5.0,0.0
2021-03-13 17:12:00,Jetaway Joey,3.5,Hereford,0.11,40.14,97.94,2021-03-13 08:27:43,0.98%,0.0,11.99,13.79,3.7,1.41,82.7,0.52,False,0.0,0.0,0.0,5.0,0.0
2021-03-13 16:45:00,Zolfo,41.0,Sandown,0.14,39.92,107.61,2021-03-13 15:20:39,19.24%,0.03,8.79,10.98,42.0,7.4,82.7,1.37,False,0.0,0.0,0.0,5.0,0.0
2021-03-13 15:50:00,Bird For Life,21.0,Wolverhampton,0.14,39.64,102.75,2021-03-13 15:20:57,8.97%,0.01,19.0,30.28,26.0,3.9,82.7,1.29,False,0.0,0.0,0.0,5.0,0.0
2021-03-14 13:37:00,Finistere,2.75,Warwick,0.15,39.52,99.25,2021-03-14 09:43:18,0.95%,0.0,11.06,12.62,2.88,1.28,82.7,0.17,False,0.0,0.0,0.0,5.0,0.0
2021-03-14 14:07:00,Duke Of Earl,29.0,Warwick,1.94,39.22,110.39,2021-03-14 10:17:46,0,0.0,1.56,2.94,35.47,4.25,19.36,1.35,True,1.56,2.94,0.4,5.0,0.0
2021-03-14 14:07:00,Duke Of Earl,29.0,Warwick,0.39,35.34,111.56,2021-03-14 10:18:17,30.56%,0.12,5.24,9.86,36.0,4.4,19.36,1.5,False,0.0,0.0,0.0,5.0,0.0
2021-03-14 14:07:00,Twominutes Turkish,5.5,Warwick,0.58,34.56,102.73,2021-03-14 11:33:26,7.44%,0.04,11.37,23.22,8.0,1.37,19.36,0.9,False,0.0,0.0,0.0,5.0,0.0
2021-03-14 12:45:00,The Appeal,11.0,Greyville,0.12,33.4,100.6,2021-03-14 12:26:45,6.69%,0.01,18.95,15.4,9.6,3.8,19.36,0.2,False,0.0,0.0,0.0,4.0,63.3282
2021-03-15 12:30:00,Naizagai,11.0,Stratford,7.08,33.58,107.49,2021-03-15 11:01:18,0,0.0,4.22,11.8,18.5,0.0,13.26,2.25,True,4.22,0.0,0.0,5.0,0.0
2021-03-15 12:30:00,Cabot Hills,34.0,Stratford,0.25,19.42,108.17,2021-03-15 11:01:59,19.95%,0.05,2.83,10.41,72.0,4.4,13.26,0.98,False,0.0,0.0,0.0,5.0,0.0
2021-03-15 12:30:00,Has Troke,34.0,Stratford,0.13,18.92,106.61,2021-03-15 11:02:16,16.74%,0.02,2.2,9.77,85.0,4.3,13.26,0.73,False,0.0,0.0,0.0,5.0,0.0
2021-03-15 12:30:00,Naizagai,11.0,Stratford,0.38,18.66,106.51,2021-03-15 11:02:32,17.35%,0.07,8.94,23.94,18.5,1.9,13.26,1.95,False,0.0,0.0,0.0,5.0,0.0
2021-03-15 12:30:00,Stepney Causeway,3.25,Stratford,0.54,17.9,103.2,2021-03-15 11:02:50,8.16%,0.04,16.79,22.17,3.6,1.23,13.26,1.18,False,0.0,0.0,0.0,5.0,0.0
2021-03-15 16:10:00,Queen Of The Court,3.75,Taunton,0.15,16.82,100.32,2021-03-15 11:53:11,4.17%,0.01,16.09,17.2,3.75,1.62,13.26,0.1,False,0.0,0.0,0.0,4.0,0.0
2021-03-15 16:10:00,Lanspark,17.0,Taunton,0.43,41.44,110.62,2021-03-15 16:10:06,25.0%,0.11,8.51,10.68,17.0,4.0,91.25,1.8,False,0.0,0.0,0.0,4.0,0.0
2021-03-16 13:20:00,Blue Lord,11.0,Cheltenham,0.29,40.58,102.4,2021-03-15 16:17:55,10.16%,0.03,8.62,10.51,11.5,2.62,91.25,0.43,False,0.0,0.0,0.0,5.0,0.0
2021-03-15 16:25:00,No Worries,41.0,Plumpton,0.18,49.71,106.53,2021-03-15 16:24:26,16.98%,0.03,11.62,25.34,60.0,7.4,91.25,2.22,False,0.0,0.0,0.0,4.0,0.0
2021-03-16 15:40:00,Floressa,41.0,Cheltenham,0.13,49.35,103.38,2021-03-16 07:01:29,13.99%,0.02,7.69,11.65,48.0,7.0,91.25,0.61,False,0.0,0.0,0.0,5.0,0.0
2021-03-16 15:40:00,Floressa,41.0,Cheltenham,1.29,49.09,103.89,2021-03-16 07:19:54,0,0.0,1.15,1.67,44.0,7.0,31.78,0.7,True,1.15,1.67,0.02,5.0,0.0
2021-03-16 13:20:00,For Pleasure,51.0,Cheltenham,0.11,46.51,104.44,2021-03-16 07:47:27,12.74%,0.01,13.26,28.3,75.0,7.6,31.78,1.73,False,0.0,0.0,0.0,5.0,59.47
2021-03-16 13:55:00,Eldorado Allen,51.0,Cheltenham,0.1,46.29,105.74,2021-03-16 08:13:37,18.75%,0.02,11.17,11.83,48.0,12.0,31.78,1.21,False,0.0,0.0,0.0,4.0,59.47
2021-03-16 15:40:00,Minella Melody,21.0,Cheltenham,0.14,46.09,101.41,2021-03-16 08:22:19,9.09%,0.01,14.33,17.24,22.0,4.4,31.78,0.42,False,0.0,0.0,0.0,5.0,0.0
2021-03-16 16:05:00,Lucou,15.0,Sedgefield,0.26,45.81,102.95,2021-03-16 08:29:36,11.76%,0.03,10.51,11.91,15.0,3.4,31.78,0.62,False,0.0,0.0,0.0,5.0,0.0
2021-03-16 13:20:00,Soaring Glory,12.0,Cheltenham,0.18,45.29,101.45,2021-03-16 08:50:11,6.02%,0.01,10.3,14.55,14.0,2.66,31.78,0.35,False,0.0,0.0,0.0,5.0,59.47
2021-03-16 13:45:00,Courting Insanity,21.0,Sedgefield,0.11,44.93,102.02,2021-03-16 09:34:19,7.69%,0.01,15.63,14.56,19.5,5.0,32.43,0.59,False,0.0,0.0,0.0,5.0,59.47
2021-03-16 13:20:00,Irascible,41.0,Cheltenham,0.26,44.71,109.79,2021-03-16 12:34:01,23.51%,0.06,6.15,14.01,60.0,5.8,32.43,1.76,False,0.0,0.0,0.0,5.0,59.47
2021-03-16 13:20:00,Metier,6.5,Cheltenham,0.11,44.19,99.68,2021-03-16 12:48:56,1.98%,0.0,15.39,19.19,7.2,1.88,32.43,0.11,False,0.0,0.0,0.0,5.0,59.47
2021-03-16 16:05:00,Crack Du Ninian,8.0,Sedgefield,0.25,46.53,100.26,2021-03-16 14:35:33,5.19%,0.01,10.02,12.88,8.8,2.1,32.43,0.06,False,0.0,0.0,0.0,5.0,0.0
2021-03-16 14:45:00,Lincoln Park,4.5,Southwell,0.1,45.67,99.39,2021-03-16 14:43:13,1.24%,0.0,11.04,10.26,4.3,1.76,32.43,0.13,False,0.0,0.0,0.0,5.0,59.47
2021-03-16 15:40:00,Black Tears,12.0,Cheltenham,0.16,45.47,101.18,2021-03-16 14:48:26,5.59%,0.01,25.48,29.24,12.5,2.92,32.43,0.63,False,0.0,0.0,0.0,5.0,0.0
2021-03-16 16:05:00,Authorizo,10.0,Sedgefield,0.13,45.77,100.4,2021-03-16 14:50:27,3.81%,0.01,10.02,12.52,11.0,2.48,32.43,0.09,False,0.0,0.0,0.0,5.0,0.0
2021-03-17 15:05:00,Notebook,34.0,Cheltenham,0.2,45.11,105.56,2021-03-16 15:07:08,18.33%,0.04,7.23,11.43,40.0,5.7,32.43,0.95,False,0.0,0.0,0.0,5.0,0.0
2021-03-16 16:05:00,The Herds Garden,34.0,Sedgefield,0.12,49.88,102.55,2021-03-16 15:55:34,8.74%,0.01,11.22,23.31,50.0,5.4,94.02,0.84,False,0.0,0.0,0.0,5.0,0.0
2021-03-16 16:05:00,Seaborough,21.0,Sedgefield,0.15,49.64,102.11,2021-03-16 15:57:24,7.65%,0.01,8.95,15.01,27.0,3.85,94.02,0.48,False,0.0,0.0,0.0,5.0,0.0
2021-03-16 16:05:00,Comber Mill,29.0,Sedgefield,0.11,49.34,101.81,2021-03-16 15:59:38,7.19%,0.01,7.62,14.2,40.0,4.9,94.02,0.38,False,0.0,0.0,0.0,5.0,0.0
